scenario_no,premiums_first_year,premiums_renewal,claims
-1,0.0,7631746.0531155905,800636.422840851
1,0.0,13513486.408030309,1416047.463788
2,0.0,1750005.6982008724,185225.38189370203
